"ad","ilcekn","yil","erkek_nufus","kadin_nufus","toplam_nufus","ad_yil"
"Adalar",1103,2007,5412,5048,10460,"Adalar-2007"
"Adalar",1103,2008,7618,6454,14072,"Adalar-2008"
"Adalar",1103,2009,7692,6649,14341,"Adalar-2009"
"Adalar",1103,2010,7641,6580,14221,"Adalar-2010"
"Adalar",1103,2011,7304,6579,13883,"Adalar-2011"
"Adalar",1103,2012,7941,6611,14552,"Adalar-2012"
"Adalar",1103,2013,8808,7358,16166,"Adalar-2013"
"Adalar",1103,2014,8749,7303,16052,"Adalar-2014"
"Adalar",1103,2015,8549,7074,15623,"Adalar-2015"
"Adalar",1103,2016,7420,7058,14478,"Adalar-2016"
"Adalar",1103,2017,7848,7059,14907,"Adalar-2017"
"Adalar",1103,2018,8602,7517,16119,"Adalar-2018"
"Adalar",1103,2019,8046,7192,15238,"Adalar-2019"
"Adalar",1103,2020,8358,7675,16033,"Adalar-2020"
"Adalar",1103,2021,8419,7953,16372,"Adalar-2021"
"Adalar",1103,2022,8844,7982,16826,"Adalar-2022"
"Adalar",1103,2023,8958,8112,17070,"Adalar-2023"
"Adalar",1103,2024,9072,8241,17313,"Adalar-2024"
"Adalar",1103,2025,8958,8112,17070,"Adalar-2025"
"Adalar",1103,2026,9301,8500,17801,"Adalar-2026"
"Arnavutköy",2048,2007,0,0,0,"Arnavutköy-2007"
"Arnavutköy",2048,2008,84439,79071,163510,"Arnavutköy-2008"
"Arnavutköy",2048,2009,90710,85161,175871,"Arnavutköy-2009"
"Arnavutköy",2048,2010,96662,91349,188011,"Arnavutköy-2010"
"Arnavutköy",2048,2011,101960,96270,198230,"Arnavutköy-2011"
"Arnavutköy",2048,2012,105924,100375,206299,"Arnavutköy-2012"
"Arnavutköy",2048,2013,111294,104237,215531,"Arnavutköy-2013"
"Arnavutköy",2048,2014,116574,109096,225670,"Arnavutköy-2014"
"Arnavutköy",2048,2015,122073,114149,236222,"Arnavutköy-2015"
"Arnavutköy",2048,2016,128276,119231,247507,"Arnavutköy-2016"
"Arnavutköy",2048,2017,136170,125485,261655,"Arnavutköy-2017"
"Arnavutköy",2048,2018,140662,129887,270549,"Arnavutköy-2018"
"Arnavutköy",2048,2019,145619,136869,282488,"Arnavutköy-2019"
"Arnavutköy",2048,2020,152668,144041,296709,"Arnavutköy-2020"
"Arnavutköy",2048,2021,160540,151483,312023,"Arnavutköy-2021"
"Arnavutköy",2048,2022,174676,163949,338624,"Arnavutköy-2022"
"Arnavutköy",2048,2023,182368,171164,353532,"Arnavutköy-2023"
"Arnavutköy",2048,2024,190060,178380,368440,"Arnavutköy-2024"
"Arnavutköy",2048,2025,182368,171164,353532,"Arnavutköy-2025"
"Arnavutköy",2048,2026,205445,192812,398257,"Arnavutköy-2026"
"Ataşehir",2049,2007,0,0,0,"Ataşehir-2007"
"Ataşehir",2049,2008,175963,175083,351046,"Ataşehir-2008"
"Ataşehir",2049,2009,180803,180812,361615,"Ataşehir-2009"
"Ataşehir",2049,2010,187055,188153,375208,"Ataşehir-2010"
"Ataşehir",2049,2011,192451,195051,387502,"Ataşehir-2011"
"Ataşehir",2049,2012,196453,199305,395758,"Ataşehir-2012"
"Ataşehir",2049,2013,201532,204442,405974,"Ataşehir-2013"
"Ataşehir",2049,2014,202957,206029,408986,"Ataşehir-2014"
"Ataşehir",2049,2015,207390,211978,419368,"Ataşehir-2015"
"Ataşehir",2049,2016,208267,214246,422513,"Ataşehir-2016"
"Ataşehir",2049,2017,207851,215521,423372,"Ataşehir-2017"
"Ataşehir",2049,2018,203686,212632,416318,"Ataşehir-2018"
"Ataşehir",2049,2019,208469,216625,425094,"Ataşehir-2019"
"Ataşehir",2049,2020,207697,214897,422594,"Ataşehir-2020"
"Ataşehir",2049,2021,209502,217715,427217,"Ataşehir-2021"
"Ataşehir",2049,2022,242224,251643,493867,"Ataşehir-2022"
"Ataşehir",2049,2023,249231,259331,508562,"Ataşehir-2023"
"Ataşehir",2049,2024,256238,267020,523258,"Ataşehir-2024"
"Ataşehir",2049,2025,249231,259331,508562,"Ataşehir-2025"
"Ataşehir",2049,2026,270252,282397,552650,"Ataşehir-2026"
"Avcılar",2003,2007,162132,161464,323596,"Avcılar-2007"
"Avcılar",2003,2008,168357,165587,333944,"Avcılar-2008"
"Avcılar",2003,2009,175608,173027,348635,"Avcılar-2009"
"Avcılar",2003,2010,183392,181290,364682,"Avcılar-2010"
"Avcılar",2003,2011,193127,190609,383736,"Avcılar-2011"
"Avcılar",2003,2012,198533,196741,395274,"Avcılar-2012"
"Avcılar",2003,2013,204904,202336,407240,"Avcılar-2013"
"Avcılar",2003,2014,210136,207716,417852,"Avcılar-2014"
"Avcılar",2003,2015,213765,211463,425228,"Avcılar-2015"
"Avcılar",2003,2016,216173,214597,430770,"Avcılar-2016"
"Avcılar",2003,2017,217896,217786,435682,"Avcılar-2017"
"Avcılar",2003,2018,217653,217972,435625,"Avcılar-2018"
"Avcılar",2003,2019,225530,223352,448882,"Avcılar-2019"
"Avcılar",2003,2020,219428,217469,436897,"Avcılar-2020"
"Avcılar",2003,2021,230029,227952,457981,"Avcılar-2021"
"Avcılar",2003,2022,239175,237319,476494,"Avcılar-2022"
"Avcılar",2003,2023,243779,241940,485720,"Avcılar-2023"
"Avcılar",2003,2024,248383,246562,494945,"Avcılar-2024"
"Avcılar",2003,2025,243779,241940,485720,"Avcılar-2025"
"Avcılar",2003,2026,257591,255805,513396,"Avcılar-2026"
"Bahçelievler",2005,2007,283805,287906,571711,"Bahçelievler-2007"
"Bahçelievler",2005,2008,285794,285889,571683,"Bahçelievler-2008"
"Bahçelievler",2005,2009,288675,288124,576799,"Bahçelievler-2009"
"Bahçelievler",2005,2010,295269,294794,590063,"Bahçelievler-2010"
"Bahçelievler",2005,2011,301268,299632,600900,"Bahçelievler-2011"
"Bahçelievler",2005,2012,301066,299096,600162,"Bahçelievler-2012"
"Bahçelievler",2005,2013,303081,299850,602931,"Bahçelievler-2013"
"Bahçelievler",2005,2014,301031,297996,599027,"Bahçelievler-2014"
"Bahçelievler",2005,2015,302691,299349,602040,"Bahçelievler-2015"
"Bahçelievler",2005,2016,300705,297392,598097,"Bahçelievler-2016"
"Bahçelievler",2005,2017,300064,298390,598454,"Bahçelievler-2017"
"Bahçelievler",2005,2018,298175,295878,594053,"Bahçelievler-2018"
"Bahçelievler",2005,2019,309450,301609,611059,"Bahçelievler-2019"
"Bahçelievler",2005,2020,298341,294030,592371,"Bahçelievler-2020"
"Bahçelievler",2005,2021,305869,299431,605300,"Bahçelievler-2021"
"Bahçelievler",2005,2022,309213,302114,611328,"Bahçelievler-2022"
"Bahçelievler",2005,2023,310517,302854,613371,"Bahçelievler-2023"
"Bahçelievler",2005,2024,311820,303594,615414,"Bahçelievler-2024"
"Bahçelievler",2005,2025,310517,302854,613371,"Bahçelievler-2025"
"Bahçelievler",2005,2026,314427,305074,619501,"Bahçelievler-2026"
"Bakırköy",1166,2007,102465,112356,214821,"Bakırköy-2007"
"Bakırköy",1166,2008,103174,111636,214810,"Bakırköy-2008"
"Bakırköy",1166,2009,104312,114040,218352,"Bakırköy-2009"
"Bakırköy",1166,2010,103881,115264,219145,"Bakırköy-2010"
"Bakırköy",1166,2011,104532,116131,220663,"Bakırköy-2011"
"Bakırköy",1166,2012,104924,116412,221336,"Bakırköy-2012"
"Bakırköy",1166,2013,104526,116448,220974,"Bakırköy-2013"
"Bakırköy",1166,2014,104671,116923,221594,"Bakırköy-2014"
"Bakırköy",1166,2015,105257,117991,223248,"Bakırköy-2015"
"Bakırköy",1166,2016,104439,117998,222437,"Bakırköy-2016"
"Bakırköy",1166,2017,104052,118318,222370,"Bakırköy-2017"
"Bakırköy",1166,2018,103677,118991,222668,"Bakırköy-2018"
"Bakırköy",1166,2019,107348,121891,229239,"Bakırköy-2019"
"Bakırköy",1166,2020,105741,120488,226229,"Bakırköy-2020"
"Bakırköy",1166,2021,106582,122177,228759,"Bakırköy-2021"
"Bakırköy",1166,2022,106756,122744,229500,"Bakırköy-2022"
"Bakırköy",1166,2023,106995,123431,230427,"Bakırköy-2023"
"Bakırköy",1166,2024,107235,124119,231354,"Bakırköy-2024"
"Bakırköy",1166,2025,106995,123431,230427,"Bakırköy-2025"
"Bakırköy",1166,2026,107714,125493,233207,"Bakırköy-2026"
"Bayrampaşa",1886,2007,138295,133901,272196,"Bayrampaşa-2007"
"Bayrampaşa",1886,2008,135537,132739,268276,"Bayrampaşa-2008"
"Bayrampaşa",1886,2009,136358,133067,269425,"Bayrampaşa-2009"
"Bayrampaşa",1886,2010,136166,133315,269481,"Bayrampaşa-2010"
"Bayrampaşa",1886,2011,136349,133360,269709,"Bayrampaşa-2011"
"Bayrampaşa",1886,2012,136471,133303,269774,"Bayrampaşa-2012"
"Bayrampaşa",1886,2013,135841,133836,269677,"Bayrampaşa-2013"
"Bayrampaşa",1886,2014,135935,133874,269809,"Bayrampaşa-2014"
"Bayrampaşa",1886,2015,137331,135043,272374,"Bayrampaşa-2015"
"Bayrampaşa",1886,2016,137501,135647,273148,"Bayrampaşa-2016"
"Bayrampaşa",1886,2017,137673,136524,274197,"Bayrampaşa-2017"
"Bayrampaşa",1886,2018,135907,135166,271073,"Bayrampaşa-2018"
"Bayrampaşa",1886,2019,138376,136359,274735,"Bayrampaşa-2019"
"Bayrampaşa",1886,2020,135664,134286,269950,"Bayrampaşa-2020"
"Bayrampaşa",1886,2021,138461,136423,274884,"Bayrampaşa-2021"
"Bayrampaşa",1886,2022,137485,136285,273770,"Bayrampaşa-2022"
"Bayrampaşa",1886,2023,137565,136519,274084,"Bayrampaşa-2023"
"Bayrampaşa",1886,2024,137645,136752,274398,"Bayrampaşa-2024"
"Bayrampaşa",1886,2025,137565,136519,274084,"Bayrampaşa-2025"
"Bayrampaşa",1886,2026,137806,137219,275025,"Bayrampaşa-2026"
"Bağcılar",2004,2007,364380,354887,719267,"Bağcılar-2007"
"Bağcılar",2004,2008,367054,353765,720819,"Bağcılar-2008"
"Bağcılar",2004,2009,368846,355422,724268,"Bağcılar-2009"
"Bağcılar",2004,2010,375923,362886,738809,"Bağcılar-2010"
"Bağcılar",2004,2011,380087,366563,746650,"Bağcılar-2011"
"Bağcılar",2004,2012,381307,367717,749024,"Bağcılar-2012"
"Bağcılar",2004,2013,383495,368755,752250,"Bağcılar-2013"
"Bağcılar",2004,2014,384665,369958,754623,"Bağcılar-2014"
"Bağcılar",2004,2015,385909,371253,757162,"Bağcılar-2015"
"Bağcılar",2004,2016,382698,368812,751510,"Bağcılar-2016"
"Bağcılar",2004,2017,380257,368226,748483,"Bağcılar-2017"
"Bağcılar",2004,2018,372311,362058,734369,"Bağcılar-2018"
"Bağcılar",2004,2019,378676,366449,745125,"Bağcılar-2019"
"Bağcılar",2004,2020,374475,362731,737206,"Bağcılar-2020"
"Bağcılar",2004,2021,378073,366278,744351,"Bağcılar-2021"
"Bağcılar",2004,2022,383382,370616,753998,"Bağcılar-2022"
"Bağcılar",2004,2023,384117,371372,755489,"Bağcılar-2023"
"Bağcılar",2004,2024,384852,372127,756979,"Bağcılar-2024"
"Bağcılar",2004,2025,384117,371372,755489,"Bağcılar-2025"
"Bağcılar",2004,2026,386321,373638,759960,"Bağcılar-2026"
"Başakşehir",2050,2007,0,0,0,"Başakşehir-2007"
"Başakşehir",2050,2008,105220,102322,207542,"Başakşehir-2008"
"Başakşehir",2050,2009,114601,111786,226387,"Başakşehir-2009"
"Başakşehir",2050,2010,125412,123055,248467,"Başakşehir-2010"
"Başakşehir",2050,2011,143461,141027,284488,"Başakşehir-2011"
"Başakşehir",2050,2012,158992,157184,316176,"Başakşehir-2012"
"Başakşehir",2050,2013,167659,165388,333047,"Başakşehir-2013"
"Başakşehir",2050,2014,172273,170149,342422,"Başakşehir-2014"
"Başakşehir",2050,2015,177779,175532,353311,"Başakşehir-2015"
"Başakşehir",2050,2016,186233,183577,369810,"Başakşehir-2016"
"Başakşehir",2050,2017,199235,197494,396729,"Başakşehir-2017"
"Başakşehir",2050,2018,215652,212183,427835,"Başakşehir-2018"
"Başakşehir",2050,2019,232277,227982,460259,"Başakşehir-2019"
"Başakşehir",2050,2020,236589,233335,469924,"Başakşehir-2020"
"Başakşehir",2050,2021,252731,250512,503243,"Başakşehir-2021"
"Başakşehir",2050,2022,274422,271290,545712,"Başakşehir-2022"
"Başakşehir",2050,2023,287888,284663,572551,"Başakşehir-2023"
"Başakşehir",2050,2024,301354,298036,599390,"Başakşehir-2024"
"Başakşehir",2050,2025,287888,284663,572551,"Başakşehir-2025"
"Başakşehir",2050,2026,328286,324782,653067,"Başakşehir-2026"
"Beykoz",1185,2007,121556,120277,241833,"Beykoz-2007"
"Beykoz",1185,2008,123288,120166,243454,"Beykoz-2008"
"Beykoz",1185,2009,122888,121249,244137,"Beykoz-2009"
"Beykoz",1185,2010,123438,122698,246136,"Beykoz-2010"
"Beykoz",1185,2011,124348,122936,247284,"Beykoz-2011"
"Beykoz",1185,2012,123787,122565,246352,"Beykoz-2012"
"Beykoz",1185,2013,124610,123446,248056,"Beykoz-2013"
"Beykoz",1185,2014,123977,124094,248071,"Beykoz-2014"
"Beykoz",1185,2015,124563,125164,249727,"Beykoz-2015"
"Beykoz",1185,2016,124209,126201,250410,"Beykoz-2016"
"Beykoz",1185,2017,124611,126476,251087,"Beykoz-2017"
"Beykoz",1185,2018,122109,124591,246700,"Beykoz-2018"
"Beykoz",1185,2019,123129,125131,248260,"Beykoz-2019"
"Beykoz",1185,2020,122425,123685,246110,"Beykoz-2020"
"Beykoz",1185,2021,122991,125604,248595,"Beykoz-2021"
"Beykoz",1185,2022,123723,126445,250169,"Beykoz-2022"
"Beykoz",1185,2023,123749,126812,250560,"Beykoz-2023"
"Beykoz",1185,2024,123774,127178,250952,"Beykoz-2024"
"Beykoz",1185,2025,123749,126812,250560,"Beykoz-2025"
"Beykoz",1185,2026,123825,127911,251736,"Beykoz-2026"
"Beylikdüzü",2051,2007,0,0,0,"Beylikdüzü-2007"
"Beylikdüzü",2051,2008,92277,93356,185633,"Beylikdüzü-2008"
"Beylikdüzü",2051,2009,96016,97956,193972,"Beylikdüzü-2009"
"Beylikdüzü",2051,2010,101119,103754,204873,"Beylikdüzü-2010"
"Beylikdüzü",2051,2011,107439,110681,218120,"Beylikdüzü-2011"
"Beylikdüzü",2051,2012,112582,116533,229115,"Beylikdüzü-2012"
"Beylikdüzü",2051,2013,120120,124640,244760,"Beylikdüzü-2013"
"Beylikdüzü",2051,2014,128714,133759,262473,"Beylikdüzü-2014"
"Beylikdüzü",2051,2015,137341,142658,279999,"Beylikdüzü-2015"
"Beylikdüzü",2051,2016,145555,151865,297420,"Beylikdüzü-2016"
"Beylikdüzü",2051,2017,153668,161002,314670,"Beylikdüzü-2017"
"Beylikdüzü",2051,2018,161876,169649,331525,"Beylikdüzü-2018"
"Beylikdüzü",2051,2019,172298,180114,352412,"Beylikdüzü-2019"
"Beylikdüzü",2051,2020,178615,186957,365572,"Beylikdüzü-2020"
"Beylikdüzü",2051,2021,194742,203380,398122,"Beylikdüzü-2021"
"Beylikdüzü",2051,2022,205686,215408,421094,"Beylikdüzü-2022"
"Beylikdüzü",2051,2023,215495,225822,441317,"Beylikdüzü-2023"
"Beylikdüzü",2051,2024,225304,236236,461540,"Beylikdüzü-2024"
"Beylikdüzü",2051,2025,215495,225822,441317,"Beylikdüzü-2025"
"Beylikdüzü",2051,2026,244922,257063,501985,"Beylikdüzü-2026"
"Beyoğlu",1186,2007,124580,122676,247256,"Beyoğlu-2007"
"Beyoğlu",1186,2008,124701,120363,245064,"Beyoğlu-2008"
"Beyoğlu",1186,2009,124038,120478,244516,"Beyoğlu-2009"
"Beyoğlu",1186,2010,126074,122010,248084,"Beyoğlu-2010"
"Beyoğlu",1186,2011,126468,121738,248206,"Beyoğlu-2011"
"Beyoğlu",1186,2012,125983,120169,246152,"Beyoğlu-2012"
"Beyoğlu",1186,2013,126062,119157,245219,"Beyoğlu-2013"
"Beyoğlu",1186,2014,123863,117657,241520,"Beyoğlu-2014"
"Beyoğlu",1186,2015,124594,117656,242250,"Beyoğlu-2015"
"Beyoğlu",1186,2016,122559,116203,238762,"Beyoğlu-2016"
"Beyoğlu",1186,2017,121328,115278,236606,"Beyoğlu-2017"
"Beyoğlu",1186,2018,118273,112253,230526,"Beyoğlu-2018"
"Beyoğlu",1186,2019,120368,112955,233323,"Beyoğlu-2019"
"Beyoğlu",1186,2020,116771,109625,226396,"Beyoğlu-2020"
"Beyoğlu",1186,2021,120151,113171,233322,"Beyoğlu-2021"
"Beyoğlu",1186,2022,119209,111004,230213,"Beyoğlu-2022"
"Beyoğlu",1186,2023,118707,110187,228894,"Beyoğlu-2023"
"Beyoğlu",1186,2024,118204,109370,227575,"Beyoğlu-2024"
"Beyoğlu",1186,2025,118707,110187,228894,"Beyoğlu-2025"
"Beyoğlu",1186,2026,117200,107736,224936,"Beyoğlu-2026"
"Beşiktaş",1183,2007,90850,100663,191513,"Beşiktaş-2007"
"Beşiktaş",1183,2008,87427,97946,185373,"Beşiktaş-2008"
"Beşiktaş",1183,2009,87483,97571,185054,"Beşiktaş-2009"
"Beşiktaş",1183,2010,86786,97604,184390,"Beşiktaş-2010"
"Beşiktaş",1183,2011,87612,99441,187053,"Beşiktaş-2011"
"Beşiktaş",1183,2012,87033,99034,186067,"Beşiktaş-2012"
"Beşiktaş",1183,2013,86989,99581,186570,"Beşiktaş-2013"
"Beşiktaş",1183,2014,88207,100586,188793,"Beşiktaş-2014"
"Beşiktaş",1183,2015,88640,101393,190033,"Beşiktaş-2015"
"Beşiktaş",1183,2016,87823,101533,189356,"Beşiktaş-2016"
"Beşiktaş",1183,2017,85134,100313,185447,"Beşiktaş-2017"
"Beşiktaş",1183,2018,82810,98264,181074,"Beşiktaş-2018"
"Beşiktaş",1183,2019,83983,98666,182649,"Beşiktaş-2019"
"Beşiktaş",1183,2020,80715,95798,176513,"Beşiktaş-2020"
"Beşiktaş",1183,2021,81777,97161,178938,"Beşiktaş-2021"
"Beşiktaş",1183,2022,82079,98163,180242,"Beşiktaş-2022"
"Beşiktaş",1183,2023,81573,98075,179649,"Beşiktaş-2023"
"Beşiktaş",1183,2024,81068,97988,179056,"Beşiktaş-2024"
"Beşiktaş",1183,2025,81573,98075,179649,"Beşiktaş-2025"
"Beşiktaş",1183,2026,80057,97812,177869,"Beşiktaş-2026"
"Büyükçekmece",1782,2007,346756,342018,688774,"Büyükçekmece-2007"
"Büyükçekmece",1782,2008,82412,80728,163140,"Büyükçekmece-2008"
"Büyükçekmece",1782,2009,86229,84993,171222,"Büyükçekmece-2009"
"Büyükçekmece",1782,2010,91414,90603,182017,"Büyükçekmece-2010"
"Büyükçekmece",1782,2011,96789,96054,192843,"Büyükçekmece-2011"
"Büyükçekmece",1782,2012,100501,100576,201077,"Büyükçekmece-2012"
"Büyükçekmece",1782,2013,105500,105500,211000,"Büyükçekmece-2013"
"Büyükçekmece",1782,2014,111134,112190,223324,"Büyükçekmece-2014"
"Büyükçekmece",1782,2015,115215,115849,231064,"Büyükçekmece-2015"
"Büyükçekmece",1782,2016,117960,119225,237185,"Büyükçekmece-2016"
"Büyükçekmece",1782,2017,120833,122641,243474,"Büyükçekmece-2017"
"Büyükçekmece",1782,2018,122755,124981,247736,"Büyükçekmece-2018"
"Büyükçekmece",1782,2019,125886,128217,254103,"Büyükçekmece-2019"
"Büyükçekmece",1782,2020,127461,129901,257362,"Büyükçekmece-2020"
"Büyükçekmece",1782,2021,133114,136046,269160,"Büyükçekmece-2021"
"Büyükçekmece",1782,2022,101642,105370,207012,"Büyükçekmece-2022"
"Büyükçekmece",1782,2023,98715,102866,201581,"Büyükçekmece-2023"
"Büyükçekmece",1782,2024,95789,100361,196150,"Büyükçekmece-2024"
"Büyükçekmece",1782,2025,98715,102866,201581,"Büyükçekmece-2025"
"Büyükçekmece",1782,2026,89936,95352,185288,"Büyükçekmece-2026"
"Esenler",2016,2007,264372,252863,517235,"Esenler-2007"
"Esenler",2016,2008,238883,225674,464557,"Esenler-2008"
"Esenler",2016,2009,235821,224159,459980,"Esenler-2009"
"Esenler",2016,2010,235602,225470,461072,"Esenler-2010"
"Esenler",2016,2011,236162,225220,461382,"Esenler-2011"
"Esenler",2016,2012,234995,223699,458694,"Esenler-2012"
"Esenler",2016,2013,237931,223690,461621,"Esenler-2013"
"Esenler",2016,2014,236582,222275,458857,"Esenler-2014"
"Esenler",2016,2015,237018,222965,459983,"Esenler-2015"
"Esenler",2016,2016,235131,222100,457231,"Esenler-2016"
"Esenler",2016,2017,233416,221153,454569,"Esenler-2017"
"Esenler",2016,2018,227440,217121,444561,"Esenler-2018"
"Esenler",2016,2019,231039,219305,450344,"Esenler-2019"
"Esenler",2016,2020,229277,216999,446276,"Esenler-2020"
"Esenler",2016,2021,230017,217099,447116,"Esenler-2021"
"Esenler",2016,2022,226440,213453,439893,"Esenler-2022"
"Esenler",2016,2023,225191,212129,437320,"Esenler-2023"
"Esenler",2016,2024,223942,210804,434746,"Esenler-2024"
"Esenler",2016,2025,225191,212129,437320,"Esenler-2025"
"Esenler",2016,2026,221444,208156,429600,"Esenler-2026"
"Esenyurt",2053,2007,0,0,0,"Esenyurt-2007"
"Esenyurt",2053,2008,191646,181371,373017,"Esenyurt-2008"
"Esenyurt",2053,2009,207482,196413,403895,"Esenyurt-2009"
"Esenyurt",2053,2010,229458,217319,446777,"Esenyurt-2010"
"Esenyurt",2053,2011,256793,243234,500027,"Esenyurt-2011"
"Esenyurt",2053,2012,284209,269160,553369,"Esenyurt-2012"
"Esenyurt",2053,2013,320980,303753,624733,"Esenyurt-2013"
"Esenyurt",2053,2014,352655,334313,686968,"Esenyurt-2014"
"Esenyurt",2053,2015,381508,361302,742810,"Esenyurt-2015"
"Esenyurt",2053,2016,408516,386494,795010,"Esenyurt-2016"
"Esenyurt",2053,2017,434085,412407,846492,"Esenyurt-2017"
"Esenyurt",2053,2018,456552,434568,891120,"Esenyurt-2018"
"Esenyurt",2053,2019,492456,462123,954579,"Esenyurt-2019"
"Esenyurt",2053,2020,491843,465555,957398,"Esenyurt-2020"
"Esenyurt",2053,2021,500994,476495,977489,"Esenyurt-2021"
"Esenyurt",2053,2022,573586,542989,1116575,"Esenyurt-2022"
"Esenyurt",2053,2023,603699,571493,1175192,"Esenyurt-2023"
"Esenyurt",2053,2024,633813,599997,1233810,"Esenyurt-2024"
"Esenyurt",2053,2025,603699,571493,1175192,"Esenyurt-2025"
"Esenyurt",2053,2026,694040,657004,1351044,"Esenyurt-2026"
"Eyüpsultan",1325,2007,163926,161606,325532,"Eyüpsultan-2007"
"Eyüpsultan",1325,2008,163065,159973,323038,"Eyüpsultan-2008"
"Eyüpsultan",1325,2009,167268,164280,331548,"Eyüpsultan-2009"
"Eyüpsultan",1325,2010,169982,168347,338329,"Eyüpsultan-2010"
"Eyüpsultan",1325,2011,174009,171781,345790,"Eyüpsultan-2011"
"Eyüpsultan",1325,2012,181172,175340,356512,"Eyüpsultan-2012"
"Eyüpsultan",1325,2013,182366,179165,361531,"Eyüpsultan-2013"
"Eyüpsultan",1325,2014,185182,182642,367824,"Eyüpsultan-2014"
"Eyüpsultan",1325,2015,189387,186022,375409,"Eyüpsultan-2015"
"Eyüpsultan",1325,2016,190455,187195,377650,"Eyüpsultan-2016"
"Eyüpsultan",1325,2017,191653,189461,381114,"Eyüpsultan-2017"
"Eyüpsultan",1325,2018,191951,191958,383909,"Eyüpsultan-2018"
"Eyüpsultan",1325,2019,200545,199968,400513,"Eyüpsultan-2019"
"Eyüpsultan",1325,2020,203218,202627,405845,"Eyüpsultan-2020"
"Eyüpsultan",1325,2021,208754,208606,417360,"Eyüpsultan-2021"
"Eyüpsultan",1325,2022,210646,209804,420450,"Eyüpsultan-2022"
"Eyüpsultan",1325,2023,213900,213237,427136,"Eyüpsultan-2023"
"Eyüpsultan",1325,2024,217153,216670,433823,"Eyüpsultan-2024"
"Eyüpsultan",1325,2025,213900,213237,427136,"Eyüpsultan-2025"
"Eyüpsultan",1325,2026,223660,223536,447196,"Eyüpsultan-2026"
"Fatih",1327,2007,225571,229927,455498,"Fatih-2007"
"Fatih",1327,2008,221431,222524,443955,"Fatih-2008"
"Fatih",1327,2009,215326,218470,433796,"Fatih-2009"
"Fatih",1327,2010,213730,217417,431147,"Fatih-2010"
"Fatih",1327,2011,212894,216457,429351,"Fatih-2011"
"Fatih",1327,2012,212620,216237,428857,"Fatih-2012"
"Fatih",1327,2013,212114,213761,425875,"Fatih-2013"
"Fatih",1327,2014,208242,211024,419266,"Fatih-2014"
"Fatih",1327,2015,208295,211050,419345,"Fatih-2015"
"Fatih",1327,2016,207477,209808,417285,"Fatih-2016"
"Fatih",1327,2017,217501,216372,433873,"Fatih-2017"
"Fatih",1327,2018,221118,215421,436539,"Fatih-2018"
"Fatih",1327,2019,225356,217734,443090,"Fatih-2019"
"Fatih",1327,2020,199149,197445,396594,"Fatih-2020"
"Fatih",1327,2021,190991,191999,382990,"Fatih-2021"
"Fatih",1327,2022,202023,199366,401389,"Fatih-2022"
"Fatih",1327,2023,200778,197651,398429,"Fatih-2023"
"Fatih",1327,2024,199533,195936,395469,"Fatih-2024"
"Fatih",1327,2025,200778,197651,398429,"Fatih-2025"
"Fatih",1327,2026,197044,192506,389550,"Fatih-2026"
"Gaziosmanpaşa",1336,2007,512842,500206,1013048,"Gaziosmanpaşa-2007"
"Gaziosmanpaşa",1336,2008,232268,228407,460675,"Gaziosmanpaşa-2008"
"Gaziosmanpaşa",1336,2009,232428,228802,461230,"Gaziosmanpaşa-2009"
"Gaziosmanpaşa",1336,2010,238849,235410,474259,"Gaziosmanpaşa-2010"
"Gaziosmanpaşa",1336,2011,243011,239542,482553,"Gaziosmanpaşa-2011"
"Gaziosmanpaşa",1336,2012,246029,242229,488258,"Gaziosmanpaşa-2012"
"Gaziosmanpaşa",1336,2013,249808,245198,495006,"Gaziosmanpaşa-2013"
"Gaziosmanpaşa",1336,2014,251234,246886,498120,"Gaziosmanpaşa-2014"
"Gaziosmanpaşa",1336,2015,253090,248456,501546,"Gaziosmanpaşa-2015"
"Gaziosmanpaşa",1336,2016,252018,247748,499766,"Gaziosmanpaşa-2016"
"Gaziosmanpaşa",1336,2017,250431,247528,497959,"Gaziosmanpaşa-2017"
"Gaziosmanpaşa",1336,2018,244474,242572,487046,"Gaziosmanpaşa-2018"
"Gaziosmanpaşa",1336,2019,247455,244507,491962,"Gaziosmanpaşa-2019"
"Gaziosmanpaşa",1336,2020,244783,242995,487778,"Gaziosmanpaşa-2020"
"Gaziosmanpaşa",1336,2021,247587,245509,493096,"Gaziosmanpaşa-2021"
"Gaziosmanpaşa",1336,2022,214873,213593,428466,"Gaziosmanpaşa-2022"
"Gaziosmanpaşa",1336,2023,208905,207967,416871,"Gaziosmanpaşa-2023"
"Gaziosmanpaşa",1336,2024,202937,202340,405277,"Gaziosmanpaşa-2024"
"Gaziosmanpaşa",1336,2025,208905,207967,416871,"Gaziosmanpaşa-2025"
"Gaziosmanpaşa",1336,2026,191001,191086,382087,"Gaziosmanpaşa-2026"
"Güngören",2010,2007,158823,159722,318545,"Güngören-2007"
"Güngören",2010,2008,157336,156935,314271,"Güngören-2008"
"Güngören",2010,2009,156069,155603,311672,"Güngören-2009"
"Güngören",2010,2010,154748,154876,309624,"Güngören-2010"
"Güngören",2010,2011,154722,154413,309135,"Güngören-2011"
"Güngören",2010,2012,153998,153575,307573,"Güngören-2012"
"Güngören",2010,2013,153702,153152,306854,"Güngören-2013"
"Güngören",2010,2014,151844,151527,303371,"Güngören-2014"
"Güngören",2010,2015,152219,149847,302066,"Güngören-2015"
"Güngören",2010,2016,150297,148212,298509,"Güngören-2016"
"Güngören",2010,2017,149823,147144,296967,"Güngören-2017"
"Güngören",2010,2018,145936,143395,289331,"Güngören-2018"
"Güngören",2010,2019,146423,143018,289441,"Güngören-2019"
"Güngören",2010,2020,141446,138853,280299,"Güngören-2020"
"Güngören",2010,2021,143719,139364,283083,"Güngören-2021"
"Güngören",2010,2022,142677,138719,281396,"Güngören-2022"
"Güngören",2010,2023,141585,137313,278898,"Güngören-2023"
"Güngören",2010,2024,140494,135907,276400,"Güngören-2024"
"Güngören",2010,2025,141585,137313,278898,"Güngören-2025"
"Güngören",2010,2026,138311,133094,271405,"Güngören-2026"
"Kadıköy",1421,2007,351342,393328,744670,"Kadıköy-2007"
"Kadıköy",1421,2008,247593,285859,533452,"Kadıköy-2008"
"Kadıköy",1421,2009,244460,284731,529191,"Kadıköy-2009"
"Kadıköy",1421,2010,245875,286960,532835,"Kadıköy-2010"
"Kadıköy",1421,2011,244757,287240,531997,"Kadıköy-2011"
"Kadıköy",1421,2012,238288,282717,521005,"Kadıköy-2012"
"Kadıköy",1421,2013,231009,275284,506293,"Kadıköy-2013"
"Kadıköy",1421,2014,219715,262856,482571,"Kadıköy-2014"
"Kadıköy",1421,2015,211394,254560,465954,"Kadıköy-2015"
"Kadıköy",1421,2016,204382,247920,452302,"Kadıköy-2016"
"Kadıköy",1421,2017,203576,247877,451453,"Kadıköy-2017"
"Kadıköy",1421,2018,207069,251569,458638,"Kadıköy-2018"
"Kadıköy",1421,2019,218465,264248,482713,"Kadıköy-2019"
"Kadıköy",1421,2020,218424,263559,481983,"Kadıköy-2020"
"Kadıköy",1421,2021,218661,266572,485233,"Kadıköy-2021"
"Kadıköy",1421,2022,191645,238867,430512,"Kadıköy-2022"
"Kadıköy",1421,2023,186171,233862,420033,"Kadıköy-2023"
"Kadıköy",1421,2024,180696,228858,409554,"Kadıköy-2024"
"Kadıköy",1421,2025,186171,233862,420033,"Kadıköy-2025"
"Kadıköy",1421,2026,169748,218848,388596,"Kadıköy-2026"
"Kartal",1449,2007,271671,269538,541209,"Kartal-2007"
"Kartal",1449,2008,215351,211397,426748,"Kartal-2008"
"Kartal",1449,2009,214128,212552,426680,"Kartal-2009"
"Kartal",1449,2010,216173,216026,432199,"Kartal-2010"
"Kartal",1449,2011,220330,220557,440887,"Kartal-2011"
"Kartal",1449,2012,221383,221910,443293,"Kartal-2012"
"Kartal",1449,2013,222638,224472,447110,"Kartal-2013"
"Kartal",1449,2014,224263,226235,450498,"Kartal-2014"
"Kartal",1449,2015,227602,229950,457552,"Kartal-2015"
"Kartal",1449,2016,228304,230994,459298,"Kartal-2016"
"Kartal",1449,2017,229568,233865,463433,"Kartal-2017"
"Kartal",1449,2018,228034,233121,461155,"Kartal-2018"
"Kartal",1449,2019,232838,237838,470676,"Kartal-2019"
"Kartal",1449,2020,234618,239896,474514,"Kartal-2020"
"Kartal",1449,2021,237136,243602,480738,"Kartal-2021"
"Kartal",1449,2022,230334,237471,467805,"Kartal-2022"
"Kartal",1449,2023,230576,238374,468950,"Kartal-2023"
"Kartal",1449,2024,230818,239277,470094,"Kartal-2024"
"Kartal",1449,2025,230576,238374,468950,"Kartal-2025"
"Kartal",1449,2026,231302,241082,472384,"Kartal-2026"
"Kağıthane",1810,2007,211668,206561,418229,"Kağıthane-2007"
"Kağıthane",1810,2008,210657,204473,415130,"Kağıthane-2008"
"Kağıthane",1810,2009,210088,203709,413797,"Kağıthane-2009"
"Kağıthane",1810,2010,210718,205797,416515,"Kağıthane-2010"
"Kağıthane",1810,2011,212700,207165,419865,"Kağıthane-2011"
"Kağıthane",1810,2012,213562,207794,421356,"Kağıthane-2012"
"Kağıthane",1810,2013,217577,211178,428755,"Kağıthane-2013"
"Kağıthane",1810,2014,219449,212781,432230,"Kağıthane-2014"
"Kağıthane",1810,2015,222523,215419,437942,"Kağıthane-2015"
"Kağıthane",1810,2016,222981,216704,439685,"Kağıthane-2016"
"Kağıthane",1810,2017,223598,219096,442694,"Kağıthane-2017"
"Kağıthane",1810,2018,220089,216937,437026,"Kağıthane-2018"
"Kağıthane",1810,2019,226687,221338,448025,"Kağıthane-2019"
"Kağıthane",1810,2020,223447,218968,442415,"Kağıthane-2020"
"Kağıthane",1810,2021,229412,225138,454550,"Kağıthane-2021"
"Kağıthane",1810,2022,229644,224753,454397,"Kağıthane-2022"
"Kağıthane",1810,2023,231037,226229,457267,"Kağıthane-2023"
"Kağıthane",1810,2024,232431,227706,460136,"Kağıthane-2024"
"Kağıthane",1810,2025,231037,226229,457267,"Kağıthane-2025"
"Kağıthane",1810,2026,235217,230658,465875,"Kağıthane-2026"
"Küçükçekmece",1823,2007,395170,390222,785392,"Küçükçekmece-2007"
"Küçükçekmece",1823,2008,337971,331110,669081,"Küçükçekmece-2008"
"Küçükçekmece",1823,2009,340608,334187,674795,"Küçükçekmece-2009"
"Küçükçekmece",1823,2010,350389,345599,695988,"Küçükçekmece-2010"
"Küçükçekmece",1823,2011,357362,353750,711112,"Küçükçekmece-2011"
"Küçükçekmece",1823,2012,362891,359020,721911,"Küçükçekmece-2012"
"Küçükçekmece",1823,2013,372467,367623,740090,"Küçükçekmece-2013"
"Küçükçekmece",1823,2014,376430,371968,748398,"Küçükçekmece-2014"
"Küçükçekmece",1823,2015,382547,378517,761064,"Küçükçekmece-2015"
"Küçükçekmece",1823,2016,385070,381539,766609,"Küçükçekmece-2016"
"Küçükçekmece",1823,2017,386064,384329,770393,"Küçükçekmece-2017"
"Küçükçekmece",1823,2018,385154,385163,770317,"Küçükçekmece-2018"
"Küçükçekmece",1823,2019,397825,394996,792821,"Küçükçekmece-2019"
"Küçükçekmece",1823,2020,395884,393749,789633,"Küçükçekmece-2020"
"Küçükçekmece",1823,2021,403820,402110,805930,"Küçükçekmece-2021"
"Küçükçekmece",1823,2022,403576,402127,805703,"Küçükçekmece-2022"
"Küçükçekmece",1823,2023,407094,405950,813044,"Küçükçekmece-2023"
"Küçükçekmece",1823,2024,410613,409772,820385,"Küçükçekmece-2024"
"Küçükçekmece",1823,2025,407094,405950,813044,"Küçükçekmece-2025"
"Küçükçekmece",1823,2026,417650,417418,835068,"Küçükçekmece-2026"
"Maltepe",2012,2007,205640,209477,415117,"Maltepe-2007"
"Maltepe",2012,2008,206685,210920,417605,"Maltepe-2008"
"Maltepe",2012,2009,213523,213518,427041,"Maltepe-2009"
"Maltepe",2012,2010,217822,220435,438257,"Maltepe-2010"
"Maltepe",2012,2011,225768,226331,452099,"Maltepe-2011"
"Maltepe",2012,2012,229264,231691,460955,"Maltepe-2012"
"Maltepe",2012,2013,234120,236939,471059,"Maltepe-2013"
"Maltepe",2012,2014,236629,240177,476806,"Maltepe-2014"
"Maltepe",2012,2015,241440,245897,487337,"Maltepe-2015"
"Maltepe",2012,2016,241411,248740,490151,"Maltepe-2016"
"Maltepe",2012,2017,247358,250228,497586,"Maltepe-2017"
"Maltepe",2012,2018,248023,249011,497034,"Maltepe-2018"
"Maltepe",2012,2019,256519,256797,513316,"Maltepe-2019"
"Maltepe",2012,2020,256869,258152,515021,"Maltepe-2020"
"Maltepe",2012,2021,262663,262903,525566,"Maltepe-2021"
"Maltepe",2012,2022,268184,269285,537468,"Maltepe-2022"
"Maltepe",2012,2023,272294,273259,545553,"Maltepe-2023"
"Maltepe",2012,2024,276404,277234,553638,"Maltepe-2024"
"Maltepe",2012,2025,272294,273259,545553,"Maltepe-2025"
"Maltepe",2012,2026,284623,285184,569807,"Maltepe-2026"
"Pendik",1835,2007,262859,257627,520486,"Pendik-2007"
"Pendik",1835,2008,275487,266132,541619,"Pendik-2008"
"Pendik",1835,2009,286223,275899,562122,"Pendik-2009"
"Pendik",1835,2010,297134,288062,585196,"Pendik-2010"
"Pendik",1835,2011,309519,300016,609535,"Pendik-2011"
"Pendik",1835,2012,317757,308040,625797,"Pendik-2012"
"Pendik",1835,2013,328607,317768,646375,"Pendik-2013"
"Pendik",1835,2014,336800,326769,663569,"Pendik-2014"
"Pendik",1835,2015,345821,335915,681736,"Pendik-2015"
"Pendik",1835,2016,350782,340899,691681,"Pendik-2016"
"Pendik",1835,2017,353327,344933,698260,"Pendik-2017"
"Pendik",1835,2018,350302,343297,693599,"Pendik-2018"
"Pendik",1835,2019,359891,352003,711894,"Pendik-2019"
"Pendik",1835,2020,367107,359374,726481,"Pendik-2020"
"Pendik",1835,2021,374807,367088,741895,"Pendik-2021"
"Pendik",1835,2022,389072,380535,769607,"Pendik-2022"
"Pendik",1835,2023,396732,388238,784970,"Pendik-2023"
"Pendik",1835,2024,404392,395941,800333,"Pendik-2024"
"Pendik",1835,2025,396732,388238,784970,"Pendik-2025"
"Pendik",1835,2026,419712,411347,831059,"Pendik-2026"
"Sancaktepe",2054,2007,0,0,0,"Sancaktepe-2007"
"Sancaktepe",2054,2008,117584,111509,229093,"Sancaktepe-2008"
"Sancaktepe",2054,2009,123729,117504,241233,"Sancaktepe-2009"
"Sancaktepe",2054,2010,131293,125149,256442,"Sancaktepe-2010"
"Sancaktepe",2054,2011,136930,130607,267537,"Sancaktepe-2011"
"Sancaktepe",2054,2012,142556,136442,278998,"Sancaktepe-2012"
"Sancaktepe",2054,2013,156180,148226,304406,"Sancaktepe-2013"
"Sancaktepe",2054,2014,169151,160637,329788,"Sancaktepe-2014"
"Sancaktepe",2054,2015,181860,173022,354882,"Sancaktepe-2015"
"Sancaktepe",2054,2016,192982,184065,377047,"Sancaktepe-2016"
"Sancaktepe",2054,2017,205184,197207,402391,"Sancaktepe-2017"
"Sancaktepe",2054,2018,210194,203949,414143,"Sancaktepe-2018"
"Sancaktepe",2054,2019,221420,215313,436733,"Sancaktepe-2019"
"Sancaktepe",2054,2020,231744,225117,456861,"Sancaktepe-2020"
"Sancaktepe",2054,2021,240230,234438,474668,"Sancaktepe-2021"
"Sancaktepe",2054,2022,264304,256284,520588,"Sancaktepe-2022"
"Sancaktepe",2054,2023,276832,268616,545448,"Sancaktepe-2023"
"Sancaktepe",2054,2024,289360,280948,570308,"Sancaktepe-2024"
"Sancaktepe",2054,2025,276832,268616,545448,"Sancaktepe-2025"
"Sancaktepe",2054,2026,314416,305612,620028,"Sancaktepe-2026"
"Sarıyer",1604,2007,138360,138047,276407,"Sarıyer-2007"
"Sarıyer",1604,2008,139556,137816,277372,"Sarıyer-2008"
"Sarıyer",1604,2009,139866,138661,278527,"Sarıyer-2009"
"Sarıyer",1604,2010,141083,139719,280802,"Sarıyer-2010"
"Sarıyer",1604,2011,143903,143406,287309,"Sarıyer-2011"
"Sarıyer",1604,2012,144249,145710,289959,"Sarıyer-2012"
"Sarıyer",1604,2013,166574,169024,335598,"Sarıyer-2013"
"Sarıyer",1604,2014,167626,170055,337681,"Sarıyer-2014"
"Sarıyer",1604,2015,171739,172420,344159,"Sarıyer-2015"
"Sarıyer",1604,2016,169918,172835,342753,"Sarıyer-2016"
"Sarıyer",1604,2017,170599,174277,344876,"Sarıyer-2017"
"Sarıyer",1604,2018,169304,173199,342503,"Sarıyer-2018"
"Sarıyer",1604,2019,171914,175300,347214,"Sarıyer-2019"
"Sarıyer",1604,2020,165405,169893,335298,"Sarıyer-2020"
"Sarıyer",1604,2021,172832,177136,349968,"Sarıyer-2021"
"Sarıyer",1604,2022,180359,185476,365835,"Sarıyer-2022"
"Sarıyer",1604,2023,183186,188746,371932,"Sarıyer-2023"
"Sarıyer",1604,2024,186013,192017,378029,"Sarıyer-2024"
"Sarıyer",1604,2025,183186,188746,371932,"Sarıyer-2025"
"Sarıyer",1604,2026,191666,198557,390223,"Sarıyer-2026"
"Silivri",1622,2007,63716,61648,125364,"Silivri-2007"
"Silivri",1622,2008,63901,60700,124601,"Silivri-2008"
"Silivri",1622,2009,71927,62733,134660,"Silivri-2009"
"Silivri",1622,2010,74412,64385,138797,"Silivri-2010"
"Silivri",1622,2011,78568,66213,144781,"Silivri-2011"
"Silivri",1622,2012,81809,68374,150183,"Silivri-2012"
"Silivri",1622,2013,85105,70818,155923,"Silivri-2013"
"Silivri",1622,2014,87554,73611,161165,"Silivri-2014"
"Silivri",1622,2015,89393,75691,165084,"Silivri-2015"
"Silivri",1622,2016,92892,77631,170523,"Silivri-2016"
"Silivri",1622,2017,100919,79605,180524,"Silivri-2017"
"Silivri",1622,2018,106014,81607,187621,"Silivri-2018"
"Silivri",1622,2019,109643,84037,193680,"Silivri-2019"
"Silivri",1622,2020,113154,87061,200215,"Silivri-2020"
"Silivri",1622,2021,118642,90372,209014,"Silivri-2021"
"Silivri",1622,2022,211487,182263,172864,"Silivri-2022"
"Silivri",1622,2023,217536,184941,175448,"Silivri-2023"
"Silivri",1622,2024,223584,187619,178031,"Silivri-2024"
"Silivri",1622,2025,217536,184941,175448,"Silivri-2025"
"Silivri",1622,2026,235681,192974,183198,"Silivri-2026"
"Sultanbeyli",2014,2007,139590,133168,272758,"Sultanbeyli-2007"
"Sultanbeyli",2014,2008,145125,136901,282026,"Sultanbeyli-2008"
"Sultanbeyli",2014,2009,147510,139112,286622,"Sultanbeyli-2009"
"Sultanbeyli",2014,2010,149610,141453,291063,"Sultanbeyli-2010"
"Sultanbeyli",2014,2011,153350,144793,298143,"Sultanbeyli-2011"
"Sultanbeyli",2014,2012,155314,147074,302388,"Sultanbeyli-2012"
"Sultanbeyli",2014,2013,159326,150021,309347,"Sultanbeyli-2013"
"Sultanbeyli",2014,2014,162321,152701,315022,"Sultanbeyli-2014"
"Sultanbeyli",2014,2015,165784,155946,321730,"Sultanbeyli-2015"
"Sultanbeyli",2014,2016,167194,157515,324709,"Sultanbeyli-2016"
"Sultanbeyli",2014,2017,169441,160544,329985,"Sultanbeyli-2017"
"Sultanbeyli",2014,2018,167763,160035,327798,"Sultanbeyli-2018"
"Sultanbeyli",2014,2019,172436,163585,336021,"Sultanbeyli-2019"
"Sultanbeyli",2014,2020,176121,167197,343318,"Sultanbeyli-2020"
"Sultanbeyli",2014,2021,178935,170550,349485,"Sultanbeyli-2021"
"Sultanbeyli",2014,2022,182263,172864,355127,"Sultanbeyli-2022"
"Sultanbeyli",2014,2023,184941,175448,360389,"Sultanbeyli-2023"
"Sultanbeyli",2014,2024,187619,178031,365650,"Sultanbeyli-2024"
"Sultanbeyli",2014,2025,184941,175448,360389,"Sultanbeyli-2025"
"Sultanbeyli",2014,2026,192974,183198,376173,"Sultanbeyli-2026"
"Sultangazi",2055,2007,0,0,0,"Sultangazi-2007"
"Sultangazi",2055,2008,227643,216652,444295,"Sultangazi-2008"
"Sultangazi",2055,2009,232329,220234,452563,"Sultangazi-2009"
"Sultangazi",2055,2010,240412,227862,468274,"Sultangazi-2010"
"Sultangazi",2055,2011,248471,234754,483225,"Sultangazi-2011"
"Sultangazi",2055,2012,252158,240054,492212,"Sultangazi-2012"
"Sultangazi",2055,2013,259014,246176,505190,"Sultangazi-2013"
"Sultangazi",2055,2014,263044,249978,513022,"Sultangazi-2014"
"Sultangazi",2055,2015,267305,254219,521524,"Sultangazi-2015"
"Sultangazi",2055,2016,268737,256353,525090,"Sultangazi-2016"
"Sultangazi",2055,2017,269692,258822,528514,"Sultangazi-2017"
"Sultangazi",2055,2018,266629,257136,523765,"Sultangazi-2018"
"Sultangazi",2055,2019,272613,261952,534565,"Sultangazi-2019"
"Sultangazi",2055,2020,274044,263444,537488,"Sultangazi-2020"
"Sultangazi",2055,2021,277601,265779,543380,"Sultangazi-2021"
"Sultangazi",2055,2022,317873,304886,622759,"Sultangazi-2022"
"Sultangazi",2055,2023,327401,314191,641592,"Sultangazi-2023"
"Sultangazi",2055,2024,336928,323496,660425,"Sultangazi-2024"
"Sultangazi",2055,2025,327401,314191,641592,"Sultangazi-2025"
"Sultangazi",2055,2026,355983,342107,698090,"Sultangazi-2026"
"Tuzla",2015,2007,86086,79153,165239,"Tuzla-2007"
"Tuzla",2015,2008,88868,81585,170453,"Tuzla-2008"
"Tuzla",2015,2009,97366,84292,181658,"Tuzla-2009"
"Tuzla",2015,2010,97087,88732,185819,"Tuzla-2010"
"Tuzla",2015,2011,103939,93291,197230,"Tuzla-2011"
"Tuzla",2015,2012,102095,95562,197657,"Tuzla-2012"
"Tuzla",2015,2013,107867,100940,208807,"Tuzla-2013"
"Tuzla",2015,2014,114589,107031,221620,"Tuzla-2014"
"Tuzla",2015,2015,120703,113669,234372,"Tuzla-2015"
"Tuzla",2015,2016,123941,118291,242232,"Tuzla-2016"
"Tuzla",2015,2017,129641,123282,252923,"Tuzla-2017"
"Tuzla",2015,2018,130360,125108,255468,"Tuzla-2018"
"Tuzla",2015,2019,136758,130642,267400,"Tuzla-2019"
"Tuzla",2015,2020,139481,134127,273608,"Tuzla-2020"
"Tuzla",2015,2021,145258,139185,284443,"Tuzla-2021"
"Tuzla",2015,2022,148905,143526,292432,"Tuzla-2022"
"Tuzla",2015,2023,153142,148021,301162,"Tuzla-2023"
"Tuzla",2015,2024,157378,152515,309893,"Tuzla-2024"
"Tuzla",2015,2025,153142,148021,301162,"Tuzla-2025"
"Tuzla",2015,2026,165852,161503,327355,"Tuzla-2026"
"Zeytinburnu",1739,2007,144801,143942,288743,"Zeytinburnu-2007"
"Zeytinburnu",1739,2008,145315,142743,288058,"Zeytinburnu-2008"
"Zeytinburnu",1739,2009,146101,144046,290147,"Zeytinburnu-2009"
"Zeytinburnu",1739,2010,147011,145419,292430,"Zeytinburnu-2010"
"Zeytinburnu",1739,2011,147716,145512,293228,"Zeytinburnu-2011"
"Zeytinburnu",1739,2012,147380,145027,292407,"Zeytinburnu-2012"
"Zeytinburnu",1739,2013,147719,144594,292313,"Zeytinburnu-2013"
"Zeytinburnu",1739,2014,144928,142295,287223,"Zeytinburnu-2014"
"Zeytinburnu",1739,2015,144666,145019,289685,"Zeytinburnu-2015"
"Zeytinburnu",1739,2016,143895,144002,287897,"Zeytinburnu-2016"
"Zeytinburnu",1739,2017,143504,143874,287378,"Zeytinburnu-2017"
"Zeytinburnu",1739,2018,142052,142883,284935,"Zeytinburnu-2018"
"Zeytinburnu",1739,2019,147949,145625,293574,"Zeytinburnu-2019"
"Zeytinburnu",1739,2020,143190,140467,283657,"Zeytinburnu-2020"
"Zeytinburnu",1739,2021,147234,146605,293839,"Zeytinburnu-2021"
"Zeytinburnu",1739,2022,145660,144313,289974,"Zeytinburnu-2022"
"Zeytinburnu",1739,2023,145625,144322,289946,"Zeytinburnu-2023"
"Zeytinburnu",1739,2024,145589,144330,289919,"Zeytinburnu-2024"
"Zeytinburnu",1739,2025,145625,144322,289946,"Zeytinburnu-2025"
"Zeytinburnu",1739,2026,145517,144346,289864,"Zeytinburnu-2026"
"Çatalca",1237,2007,46578,42580,89158,"Çatalca-2007"
"Çatalca",1237,2008,32163,30176,62339,"Çatalca-2008"
"Çatalca",1237,2009,32889,30388,63277,"Çatalca-2009"
"Çatalca",1237,2010,31387,30614,62001,"Çatalca-2010"
"Çatalca",1237,2011,32621,30758,63379,"Çatalca-2011"
"Çatalca",1237,2012,32670,30797,63467,"Çatalca-2012"
"Çatalca",1237,2013,33416,32395,65811,"Çatalca-2013"
"Çatalca",1237,2014,35130,32713,67843,"Çatalca-2014"
"Çatalca",1237,2015,34271,33058,67329,"Çatalca-2015"
"Çatalca",1237,2016,35510,33425,68935,"Çatalca-2016"
"Çatalca",1237,2017,35224,33833,69057,"Çatalca-2017"
"Çatalca",1237,2018,37675,35291,72966,"Çatalca-2018"
"Çatalca",1237,2019,38037,35681,73718,"Çatalca-2019"
"Çatalca",1237,2020,38447,36528,74975,"Çatalca-2020"
"Çatalca",1237,2021,39046,37085,76131,"Çatalca-2021"
"Çatalca",1237,2022,36899,35342,72241,"Çatalca-2022"
"Çatalca",1237,2023,37061,35550,72611,"Çatalca-2023"
"Çatalca",1237,2024,37223,35758,72980,"Çatalca-2024"
"Çatalca",1237,2025,37061,35550,72611,"Çatalca-2025"
"Çatalca",1237,2026,37546,36173,73719,"Çatalca-2026"
"Çekmeköy",2052,2007,0,0,0,"Çekmeköy-2007"
"Çekmeköy",2052,2008,75251,72101,147352,"Çekmeköy-2008"
"Çekmeköy",2052,2009,78294,75809,154103,"Çekmeköy-2009"
"Çekmeköy",2052,2010,85366,83072,168438,"Çekmeköy-2010"
"Çekmeköy",2052,2011,93116,89897,183013,"Çekmeköy-2011"
"Çekmeköy",2052,2012,98029,95153,193182,"Çekmeköy-2012"
"Çekmeköy",2052,2013,105171,102305,207476,"Çekmeköy-2013"
"Çekmeköy",2052,2014,111730,108926,220656,"Çekmeköy-2014"
"Çekmeköy",2052,2015,117257,114561,231818,"Çekmeköy-2015"
"Çekmeköy",2052,2016,120826,118785,239611,"Çekmeköy-2016"
"Çekmeköy",2052,2017,125220,123639,248859,"Çekmeköy-2017"
"Çekmeköy",2052,2018,126336,125601,251937,"Çekmeköy-2018"
"Çekmeköy",2052,2019,132612,131896,264508,"Çekmeköy-2019"
"Çekmeköy",2052,2020,136842,136816,273658,"Çekmeköy-2020"
"Çekmeköy",2052,2021,143789,144796,288585,"Çekmeköy-2021"
"Çekmeköy",2052,2022,160023,159636,319659,"Çekmeköy-2022"
"Çekmeköy",2052,2023,167092,166875,333968,"Çekmeköy-2023"
"Çekmeköy",2052,2024,174162,174114,348276,"Çekmeköy-2024"
"Çekmeköy",2052,2025,167092,166875,333968,"Çekmeköy-2025"
"Çekmeköy",2052,2026,188300,188593,376893,"Çekmeköy-2026"
"Ümraniye",1852,2007,454555,442705,897260,"Ümraniye-2007"
"Ümraniye",1852,2008,281677,272258,553935,"Ümraniye-2008"
"Ümraniye",1852,2009,292195,281070,573265,"Ümraniye-2009"
"Ümraniye",1852,2010,306300,297131,603431,"Ümraniye-2010"
"Ümraniye",1852,2011,320256,311347,631603,"Ümraniye-2011"
"Ümraniye",1852,2012,326439,318799,645238,"Ümraniye-2012"
"Ümraniye",1852,2013,333873,326252,660125,"Ümraniye-2013"
"Ümraniye",1852,2014,340089,334042,674131,"Ümraniye-2014"
"Ümraniye",1852,2015,346997,341350,688347,"Ümraniye-2015"
"Ümraniye",1852,2016,348788,345370,694158,"Ümraniye-2016"
"Ümraniye",1852,2017,350688,349213,699901,"Ümraniye-2017"
"Ümraniye",1852,2018,345478,344715,690193,"Ümraniye-2018"
"Ümraniye",1852,2019,356533,353747,710280,"Ümraniye-2019"
"Ümraniye",1852,2020,358075,355728,713803,"Ümraniye-2020"
"Ümraniye",1852,2021,363386,363372,726758,"Ümraniye-2021"
"Ümraniye",1852,2022,354438,354692,709130,"Ümraniye-2022"
"Ümraniye",1852,2023,356044,357092,713135,"Ümraniye-2023"
"Ümraniye",1852,2024,357649,359492,717141,"Ümraniye-2024"
"Ümraniye",1852,2025,356044,357092,713135,"Ümraniye-2025"
"Ümraniye",1852,2026,360861,364291,725152,"Ümraniye-2026"
"Üsküdar",1708,2007,287012,295654,582666,"Üsküdar-2007"
"Üsküdar",1708,2008,260109,264780,524889,"Üsküdar-2008"
"Üsküdar",1708,2009,259338,265041,524379,"Üsküdar-2009"
"Üsküdar",1708,2010,260201,266746,526947,"Üsküdar-2010"
"Üsküdar",1708,2011,262783,269399,532182,"Üsküdar-2011"
"Üsküdar",1708,2012,264968,270948,535916,"Üsküdar-2012"
"Üsküdar",1708,2013,263365,271271,534636,"Üsküdar-2013"
"Üsküdar",1708,2014,263453,271517,534970,"Üsküdar-2014"
"Üsküdar",1708,2015,265637,274980,540617,"Üsküdar-2015"
"Üsküdar",1708,2016,262390,273147,535537,"Üsküdar-2016"
"Üsküdar",1708,2017,260604,272966,533570,"Üsküdar-2017"
"Üsküdar",1708,2018,257831,271314,529145,"Üsküdar-2018"
"Üsküdar",1708,2019,258988,272837,531825,"Üsküdar-2019"
"Üsküdar",1708,2020,253680,267091,520771,"Üsküdar-2020"
"Üsküdar",1708,2021,255022,270373,525395,"Üsküdar-2021"
"Üsküdar",1708,2022,254059,268933,522992,"Üsküdar-2022"
"Üsküdar",1708,2023,253037,268592,521629,"Üsküdar-2023"
"Üsküdar",1708,2024,252015,268252,520267,"Üsküdar-2024"
"Üsküdar",1708,2025,253037,268592,521629,"Üsküdar-2025"
"Üsküdar",1708,2026,249971,267570,517542,"Üsküdar-2026"
"Şile",1659,2007,13057,12112,25169,"Şile-2007"
"Şile",1659,2008,14739,13832,28571,"Şile-2008"
"Şile",1659,2009,14579,13746,28325,"Şile-2009"
"Şile",1659,2010,14202,13917,28119,"Şile-2010"
"Şile",1659,2011,14735,14112,28847,"Şile-2011"
"Şile",1659,2012,15522,14696,30218,"Şile-2012"
"Şile",1659,2013,16288,15430,31718,"Şile-2013"
"Şile",1659,2014,16895,15928,32823,"Şile-2014"
"Şile",1659,2015,17224,16253,33477,"Şile-2015"
"Şile",1659,2016,17595,16646,34241,"Şile-2016"
"Şile",1659,2017,18207,16924,35131,"Şile-2017"
"Şile",1659,2018,18805,17711,36516,"Şile-2018"
"Şile",1659,2019,19660,18032,37692,"Şile-2019"
"Şile",1659,2020,19709,18195,37904,"Şile-2020"
"Şile",1659,2021,21558,20069,41627,"Şile-2021"
"Şile",1659,2022,21184,19622,40805,"Şile-2022"
"Şile",1659,2023,21720,20093,41813,"Şile-2023"
"Şile",1659,2024,22257,20564,42821,"Şile-2024"
"Şile",1659,2025,21720,20093,41813,"Şile-2025"
"Şile",1659,2026,23329,21507,44836,"Şile-2026"
"Şişli",1663,2007,153893,160791,314684,"Şişli-2007"
"Şişli",1663,2008,153207,159459,312666,"Şişli-2008"
"Şişli",1663,2009,155191,160867,316058,"Şişli-2009"
"Şişli",1663,2010,156018,161319,317337,"Şişli-2010"
"Şişli",1663,2011,158371,162392,320763,"Şişli-2011"
"Şişli",1663,2012,156054,162163,318217,"Şişli-2012"
"Şişli",1663,2013,134083,140337,274420,"Şişli-2013"
"Şişli",1663,2014,132737,139643,272380,"Şişli-2014"
"Şişli",1663,2015,133722,140295,274017,"Şişli-2015"
"Şişli",1663,2016,133080,139723,272803,"Şişli-2016"
"Şişli",1663,2017,133548,140648,274196,"Şişli-2017"
"Şişli",1663,2018,133500,140789,274289,"Şişli-2018"
"Şişli",1663,2019,136739,143078,279817,"Şişli-2019"
"Şişli",1663,2020,129931,136862,266793,"Şişli-2020"
"Şişli",1663,2021,138611,145683,284294,"Şişli-2021"
"Şişli",1663,2022,128038,135036,263073,"Şişli-2022"
"Şişli",1663,2023,126150,133235,259385,"Şişli-2023"
"Şişli",1663,2024,124263,131434,255697,"Şişli-2024"
"Şişli",1663,2025,126150,133235,259385,"Şişli-2025"
"Şişli",1663,2026,120488,127833,248321,"Şişli-2026"
